{"cameraMode":{"drawMode":0,"name":"Shaded","section":"Shading Mode"},"sceneLighting":false,"audioPlay":false,"sceneViewState":{"m_AlwaysRefresh":false,"showFog":true,"showSkybox":false,"showFlares":true,"showImageEffects":true,"showParticleSystems":true,"showVisualEffectGraphs":true,"m_FxEnabled":true},"in2DMode":false,"pivot":{"x":0.07163098454475403,"y":3.5797057151794435,"z":4.342499732971191},"rotation":{"x":-0.00014398511848412454,"y":0.9996939897537231,"z":0.005998238921165466,"w":0.023997267708182336},"size":2.6124186515808107,"orthographic":false}