{"cameraMode":{"drawMode":0,"name":"Shaded","section":"Shading Mode"},"sceneLighting":false,"audioPlay":false,"sceneViewState":{"m_AlwaysRefresh":false,"showFog":true,"showSkybox":false,"showFlares":true,"showImageEffects":true,"showParticleSystems":true,"showVisualEffectGraphs":true,"m_FxEnabled":true},"in2DMode":false,"pivot":{"x":1.4175810813903809,"y":0.14131999015808106,"z":1.1370644569396973},"rotation":{"x":-0.025787079706788064,"y":0.9540808200836182,"z":-0.28574931621551516,"w":-0.08609985560178757},"size":6.607396125793457,"orthographic":false}