{"cameraMode":{"drawMode":0,"name":"Shaded","section":"Shading Mode"},"sceneLighting":true,"audioPlay":false,"sceneViewState":{"m_AlwaysRefresh":false,"showFog":true,"showSkybox":true,"showFlares":true,"showImageEffects":true,"showParticleSystems":true,"showVisualEffectGraphs":true,"m_FxEnabled":true},"in2DMode":false,"pivot":{"x":19.766035079956056,"y":44.659881591796878,"z":-16.291217803955079},"rotation":{"x":0.7070997357368469,"y":-0.0031819704454392196,"z":0.0031819704454392196,"w":0.7070997357368469},"size":288.1289367675781,"orthographic":true}