{"cameraMode":{"drawMode":0,"name":"Shaded","section":"Shading Mode"},"sceneLighting":false,"audioPlay":false,"sceneViewState":{"m_AlwaysRefresh":false,"showFog":true,"showSkybox":false,"showFlares":true,"showImageEffects":true,"showParticleSystems":true,"showVisualEffectGraphs":true,"m_FxEnabled":true},"in2DMode":false,"pivot":{"x":-0.023920536041259767,"y":1.5119963884353638,"z":-0.7605772018432617},"rotation":{"x":-0.002928500296548009,"y":0.9806464910507202,"z":-0.1952161341905594,"w":-0.014710914343595505},"size":7.556681156158447,"orthographic":true}